北京北站,39.9432725,116.3474879
北京东站,39.8991711,116.4734789
北京站,39.9036463,116.4209579
北京南站,39.8636563,116.3728315
北京西站,39.8934942,116.3151153
广州南站,22.9914143,113.2640375
重庆北站,29.6108001,106.5471885
重庆站,28.087787,120.855273
重庆南站,22.8481422,113.0811212
重庆西站,29.50294135,106.4330043
广州东站,23.1535407,113.3190576
上海站,51.2834549,6.8021739
上海南站,31.1566809,121.4256696
上海虹桥站,31.1959782,121.3162004
上海西站,31.2658045,121.3960763
天津北站,39.1659883,117.2021716
天津站,39.134452,117.2030689
天津南站,39.0559287,117.0551589
天津西站,39.1553878,117.1610794
长春站,43.9080288,125.3173983
长春南站,43.8487751,125.2531907
长春西站,43.87534445,125.1937941
成都东站,30.6313095,104.139004
成都南站,39.495499,113.036703
成都站,30.69912935,104.0708618
长沙站,28.1974416,113.0076354
长沙南站,28.1497755,113.0600152
福州站,27.92224305,116.3472589
福州南站,39.495499,113.036703
贵阳站,37.57178475,126.7362451
广州站,23.1513627,113.2528263
广州西站,23.1407398,113.2390182
哈尔滨站,45.9591968,129.2365951
哈尔滨东站,45.7873961,126.7029217
哈尔滨西站,45.7038716,126.5742614
合肥站,31.8879312,117.311367
合肥西站,31.8736926,117.2298796
呼和浩特东站,40.8477212,111.7589887
呼和浩特站,40.8298341,111.6590656
海口站,20.0124703,110.2865768
杭州东站,30.3914391,120.144151
杭州站,30.3914391,120.144151
杭州南站,30.3914391,120.144151
济南站,36.671055,116.9853112
济南东站,36.6800477,117.0233415
济南西站,36.66886565,116.8860383
昆明站,24.8577984,102.5233199
昆明西站,25.0561696,102.6849587
拉萨站,29.625075,91.06892198
兰州东站,36.0357459,103.8506182
兰州站,36.034178,103.8485056
兰州西站,36.0683886,103.7681223
南昌站,28.66793975,115.9145187
南京站,32.091124,118.7915943
南京南站,31.9728049,118.7916835
南宁站,22.82944335,108.3112616
石家庄北站,38.0391263,114.4812939
石家庄站,38.0094682,114.4788243
沈阳站,41.7915451,123.3899884
沈阳北站,41.8148932,123.429844
沈阳东站,41.8208816,123.4956815
沈阳南站,41.6645786,123.4138967
太原北站,37.917257,112.55959
太原东站,37.884526,112.579954
太原站,37.8599629,112.5818353
武汉站,28.911643,119.8263522
西安北站,34.37763145,108.9338937
西安站,34.2795641,108.9576984
西安南站,34.0944872,109.096547
西宁站,23.5455,110.163
银川站,38.49157015,106.1693956
郑州站,34.7475076,113.6536663
阿尔山站,47.1703671,119.9412377
安康站,32.7146275,109.0123864
阿克苏站,41.143756,80.304784
安平站,22.9792363,120.1787687
安庆站,28.087787,120.855273
安顺站,25.9342792,105.5615625
鞍山站,41.1110326,122.9796732
安阳站,37.38997835,126.9591941
北安站,48.628888,126.6204193
蚌埠站,32.94538855,117.3717071
白城站,29.4818095,81.75860186
北海站,5.4427526,100.3816511
白河站,23.3474507,120.4134527
白涧站,29.4818095,81.75860186
宝鸡站,34.37420875,107.1481179
百色站,23.8879922,106.6606962
白山市站,42.097598,126.5797766
北台站,41.230717,123.638098
包头站,40.6050649,109.8302708
本溪站,47.5105828,19.0572624
白银西站,36.549554,104.0964568
亳州站,32.9014744,116.3478085
赤壁站,29.72463,113.92445
常德站,40.5487675,128.8575321
承德站,40.963526,117.947878
长甸站,22.1014243,111.8188597
赤峰站,42.25483485,118.9536216
茶陵站,28.96779565,118.2397877
昌平站,40.7154363,129.2139334
崇仁站,27.7770907,116.0538476
昌图站,42.7765285,124.1111745
曹县站,34.8269281,115.5764937
楚雄南站,25.199403,101.2792948
长治北站,36.2002958,113.0733935
池州站,30.4826091,117.7968757
常州站,31.78710605,119.9675054
郴州站,25.79964,112.987588
长治站,36.2002958,113.0733935
沧州站,38.6940715,116.1111165
崇左站,22.6643,107.113
大安北站,35.0303769,104.6854424
大成站,41.8258384,123.3443648
丹东站,40.1229149,124.3818421
东方红站,28.72245285,115.7282146
东莞东站,22.9703645,114.0338345
大虎山站,25.0504738,121.5932623
敦煌站,40.16777825,94.78307235
敦化站,43.3774361,128.2397949
德惠站,48.8238095,127.8106655
东京城站,41.5846284,129.6091083
大涧站,23.9825206,120.872092
都江堰站,30.9594984,103.6364462
大连北站,39.0158431,121.6023957
大理站,25.5921586,100.248537
大连站,40.0013535,122.6929215
大庆站,24.1194255,120.6487741
东胜站,39.81449765,109.9702773
大石桥站,40.7674783,122.3639138
大同站,32.64040195,117.052574
东营站,22.6845313,120.2746471
都匀站,26.20539525,107.4937486
邓州站,32.9739924,111.8842291
达州站,27.8059932,119.26577
德州站,27.8059932,119.26577
二连站,43.6544946,111.981729
恩施站,30.3512275,109.4798175
福鼎站,27.04554035,120.2825883
涪陵站,24.1674372,106.5950201
佛山站,23.0797,113.12313
阜新南站,39.495499,113.036703
阜阳站,32.9276648,115.794876
格尔木站,36.380424,94.95760675
广汉站,31.5883774,120.3374429
古交站,37.9496595,112.0577784
桂林北站,25.316022,110.293605
古莲站,55.600857,38.1221904
桂林站,25.2640365,110.2797624
固始站,31.9174205,115.6642513
广水站,36.0844067,103.8102972
干塘站,29.7152569,116.0026663
广元站,40.0451974,124.4353824
广州北站,23.37895885,113.196233
赣州站,25.8223093,114.959888
公主岭站,43.3086834,124.6061732
淮安站,33.4380829,119.0116654
淮北站,33.96861865,116.7974645
鹤北站,35.0303769,104.6854424
淮滨站,32.662669,117.0161215
河边站,23.2161904,113.2614012
潢川站,48.8238095,127.8106655
韩城站,35.3379584,110.2619185
邯郸站,36.8664229,113.8628168
鹤岗站,38.545989,139.928084
皇姑屯站,41.8123388,123.3867617
红果站,36.90989085,126.9584214
黑河站,50.23162755,127.4928838
怀化站,27.11377335,109.6822201
汉口站,30.620408,114.250049
葫芦岛站,40.8364195,120.0237791
海拉尔站,49.2284318,119.7358733
侯马站,35.6478232,111.3665632
哈密站,42.84844345,93.50463068
淮南站,32.63288715,117.0143379
桦南站,39.495499,113.036703
鹤庆站,28.087787,120.855273
怀柔北站,40.40752875,116.686672
怀柔站,40.3159926,116.6431193
华山站,25.7525,103.897
黄山站,29.7251106,118.3169682
黄石站,39.377354,113.27792
衡水站,37.7412188,115.6866384
衡阳站,26.8942352,112.6253924
菏泽站,35.2311311,115.5011516
贺州站,27.8059932,119.26577
汉中站,24.4590624,118.0888048
惠州站,27.8059932,119.26577
吉安站,27.10863765,115.0160332
集安站,23.9679863,121.5828854
江边村站,21.53775,110.43621
晋城站,30.2449198,120.1812284
景德镇站,29.28814135,117.2166887
嘉峰站,22.8655039,121.1606951
井冈山站,26.7310382,114.2925345
蛟河站,43.87945,127.33583
金华南站,39.495499,113.036703
金华站,29.1015279,119.6393693
九江站,29.70610035,116.0011164
吉林站,43.858536,126.5716217
荆门站,39.8636563,116.3728315
佳木斯站,48.2113883,134.4717192
济宁站,23.5455,110.163
集宁南站,24.6865822,120.879965
酒泉站,39.64503675,98.45109106
江山站,48.505772,32.2629074
吉首站,36.248418,116.9876542
九台站,48.8238095,127.8106655
镜铁山站,48.505772,32.2629074
鸡西站,47.5105828,19.0572624
绩溪县站,30.05858775,118.5790389
嘉峪关站,39.7637933,98.2532726
江油站,31.777676,104.944754
锦州站,38.0199405,115.026934
金州站,38.0199405,115.026934
蓟州站,27.8059932,119.26577
库尔勒站,49.6733418,126.9549377
开封站,34.7715502,114.3470729
岢岚站,48.9124674,24.7570708
凯里站,4.9356911,-52.3348178
喀什站,39.38209825,75.99158963
昆山南站,31.3375573,121.0420613
奎屯站,44.40438855,84.84947769
开原站,42.6189814,124.0100939
六安站,31.71719055,116.4949786
灵宝站,34.5106864,110.8906495
隆昌站,22.9338074,121.2746616
陆川站,48.8238095,127.8106655
利川站,37.241803,127.3903356
临川站,27.7484773,116.6286816
潞城站,30.2449198,120.1812284
鹿道站,35.9553562,140.6629206
娄底站,27.7414232,112.002239
临汾站,36.0863549,111.5237187
临河站,48.4683348,135.0563047
漯河站,33.57216555,114.0374137
绿化站,36.3249263,113.2868725
隆化站,41.3266964,117.7452219
丽江站,26.80864925,100.4462578
临江站,27.9521271,115.3537953
龙井站,24.9465923,121.3728524
吕梁站,2.0935828,103.2799104
醴陵站,24.1674372,106.5950201
滦平站,40.921465,117.3095599
六盘水站,26.59695235,104.83677
灵丘站,25.1084954,121.7290072
旅顺站,38.8066808,121.2474412
兰溪站,29.2161839,119.4750576
陇西站,34.953181,104.702298
澧县站,38.0079331,126.4389977
临西站,39.7099646,118.4598109
龙岩站,24.8372,105.251
耒阳站,26.4078521,112.8175194
洛阳站,34.6873081,112.4302702
洛阳东站,34.6873081,112.4302702
临沂站,43.865053,125.2599704
洛阳龙门站,34.5972257,112.4515491
柳园站,47.4989929,-0.49041
凌源站,43.735387,87.5919127
辽源站,42.4862124,125.4614306
立志站,48.8238095,127.8106655
柳州站,24.30999,109.384153
辽中站,41.5575804,122.7651925
麻城站,31.1484587,114.9582153
牡丹江站,44.58958985,129.6067153
明光站,32.7718198,117.9833839
茂名站,21.645722,110.923185
密山站,48.505772,32.2629074
麻尾站,25.3375132,107.4485506
绵阳站,31.777676,104.944754
梅州站,24.16327,116.43671
满洲里站,49.5830197,117.442111
宁波站,29.738189,121.820579
南岔站,28.96779565,118.2397877
南充站,31.0419773,106.7141533
南丹站,24.9789515,107.5543767
南大庙站,31.66689535,117.7539321
讷河站,48.4683348,135.0563047
内江站,29.771095,104.861855
南平站,23.7825002,121.4581262
南通站,32.0543217,121.0428197
南阳站,42.9528851,129.8581221
平顶山站,33.70877535,113.2421504
盘锦站,41.1958898,122.0572532
平凉站,35.5511726,106.7034957
平凉南站,35.173114,105.828683
平泉站,40.9832992,119.0039158
坪石站,22.06973,112.34165
萍乡站,27.6502901,113.8359578
凭祥站,27.6502901,113.8359578
攀枝花站,26.547043,101.849631
蕲春站,30.24494105,115.441482
青岛站,36.0636074,120.309886
清河城站,30.2449198,120.1812284
曲靖站,24.9465923,121.3728524
黔江站,28.3685406,115.9335944
前进镇站,26.5703919,101.7206665
齐齐哈尔站,47.3373253,123.9883632
七台河站,22.4511093,114.1606176
沁县站,34.2795641,108.9576984
泉州东站,35.8171322,127.1437915
泉州站,35.8171322,127.1437915
衢州站,27.8059932,119.26577
融安站,48.8238095,127.8106655
汝箕沟站,39.0640277,106.111813
瑞金站,39.1177066,117.2436002
双城堡站,41.6958049,44.8004212
韶关东站,24.79713555,113.5993063
山海关站,22.2945623,120.8857785
绥化站,47.1949872,128.3564018
三间房站,47.0963913,123.8358791
苏家屯站,41.6602329,123.349335
舒兰站,44.4057581,126.9484524
三明站,26.2525904,117.7340841
神木站,36.3717284,139.7314038
三门峡站,34.7535919,111.201184
商南站,39.495499,113.036703
遂宁站,30.6891,105.414
四平站,43.1654969,124.3668595
商丘站,34.445082,115.651325
上饶站,28.49416345,118.0034694
韶山站,34.319003,139.2164621
宿松站,36.6969708,119.0932639
汕头站,23.34307485,116.6764211
邵武站,27.3136235,117.4921107
涉县站,34.2795641,108.9576984
三亚站,36.90989085,126.9584214
三  亚站,18.2987132,109.488653
邵阳站,26.32963135,110.3323713
十堰站,39.2499818,125.7033769
双鸭山站,46.8463705,131.9402459
松原站,45.1073967,124.8104316
苏州站,33.6399395,116.9893114
深圳站,22.53448735,114.1121107
宿州站,33.6399395,116.9893114
随州站,31.7234944,113.4112001
朔州站,39.377354,113.27792
深圳西站,22.53092365,113.9025318
塔尔气站,47.9841667,121.1899579
潼关站,48.8238095,127.8106655
塘沽站,33.489,90.361425
塔河站,52.3318735,124.6906503
通化站,41.7926406,125.8610648
泰来站,49.4795493,1.226695
吐鲁番站,42.8634589,90.2054333
通辽站,43.718274,122.2859214
铁岭站,24.1674372,106.5950201
图们站,34.2791837,108.9049043
铜仁站,27.9847,108.916
唐山北站,39.7027537,118.1335444
泰山站,25.0532646,121.4395522
唐山站,39.7027537,118.1335444
天水站,34.5673843,105.8950007
通远堡站,40.785675,123.921438
太阳升站,40.3741518,128.2810208
泰州站,28.6890521,121.2858647
桐梓站,48.8238095,127.8106655
通州西站,32.095899,121.068606
五常站,30.530877,114.3125172
武昌站,30.530877,114.3125172
瓦房店站,39.4890399,121.5492671
威海站,37.42426695,122.1429251
芜湖站,22.378341,113.9619695
武隆站,45.2734395,130.6164619
乌兰浩特站,46.06903565,122.0569829
渭南站,34.485317,109.4878353
威舍站,23.5457974,120.4126604
武威站,37.9036056,102.622285
武威南站,37.8149799,102.7354632
无锡站,31.5894047,120.3013944
乌西站,43.8682642,87.4180826
武夷山站,27.7329265,118.0253555
万源站,32.0863787,108.0374467
万州站,55.600857,38.1221904
梧州站,27.8059932,119.26577
温州站,27.9834543,120.6810517
温州南站,27.96927975,120.5811347
西昌站,27.8802123,102.2228504
许昌站,34.1919636,114.1275347
香坊站,45.719658,126.672845
轩岗站,22.2776893,114.1732921
兴国站,40.0689102,116.5492814
宣汉站,31.5446908,107.6540938
新会站,48.8238095,127.8106655
新晃站,27.3832952,109.1215324
兴隆县站,41.5334829,129.6474011
厦门北站,24.640035,118.0683571
厦门站,34.8249272,113.6757687
厦门高崎站,24.5493979,118.1083566
小市站,39.377354,113.27792
秀山站,24.9947848,121.5201467
向塘站,28.4462551,115.9566076
宣威站,26.0136,104.25
新乡站,35.1063966,102.8655914
信阳站,32.1312599,114.076504
咸阳站,34.3453296,108.7301987
襄阳站,25.287778,118.453056
熊岳城站,22.6655949,120.3036412
新沂站,43.865053,125.2599704
兴义站,43.865053,125.2599704
新余站,35.10384,129.036368
徐州站,34.2670929,117.1994059
延安站,32.946079,117.3761765
宜宾站,29.028621,104.3859318
亚布力南站,44.7907628,128.4814835
宜昌东站,30.6605902,111.364979
永川站,35.9621052,128.9384948
盐城站,30.2449198,120.1812284
宜昌站,30.47026125,111.1377458
运城站,35.02690795,110.985043
伊春站,27.79091605,114.4315979
榆次站,37.6960775,112.7250476
杨村站,20.79931,110.26154
伊尔施站,24.466179,118.0895
燕岗站,23.0783645,113.2661901
永济站,24.9532116,121.3418464
延吉站,36.6969934,119.0932496
营口站,40.6747155,122.2357736
牙克石站,47.9841667,121.1899579
阎良站,34.6696546,109.2237107
玉林站,37.45571,127.00975
榆林站,37.45571,127.00975
伊宁站,23.5455,110.163
玉屏站,30.12575535,118.1677461
原平站,40.8760972,129.2121805
延庆站,40.4345045,115.9783851
阳泉曲站,37.637,113.477
玉泉站,39.5851671,126.327775
阳泉站,37.637,113.477
营山站,31.067031,106.564651
玉山站,48.505772,32.2629074
燕山站,48.505772,32.2629074
榆树站,39.38209825,75.99158963
鹰潭站,28.2448303,117.0631147
烟台站,37.5474908,121.3775918
玉田县站,39.88136,117.72881
义乌站,29.380758,120.0386559
阳新站,31.8929718,117.5870681
义县站,34.2795641,108.9576984
益阳站,28.4142324,117.4396769
岳阳站,29.3800274,113.1140988
永州站,26.4577221,111.5654271
扬州站,27.8059932,119.26577
淄博站,36.78882055,118.0511087
镇城底站,37.9496595,112.0577784
自贡站,29.35872465,104.7884981
珠海站,29.33916475,121.4153532
珠海北站,29.09944385,121.6403846
湛江站,21.2021916,110.4045975
镇江站,32.1539268,119.4173027
张家界站,29.1068858,110.4816163
张家口站,40.8121479,114.8824693
张家口南站,40.75064275,114.8768006
周口站,33.5794861,114.6596257
扎兰屯站,47.4842748,122.3841186
驻马店站,32.9793539,114.0368927
肇庆站,23.3202,111.469
周水子站,38.9279719,121.5641971
昭通站,28.25255625,104.1718358
中卫站,23.5275548,119.5821572
资阳站,30.3593406,104.5127304
遵义西站,28.3869248,106.8597778
枣庄站,34.78188695,117.3002796
资中站,29.771095,104.861855
株洲站,27.8389224,113.1507804
枣庄西站,34.7940622,117.2486726
阿城站,30.2449198,120.1812284
安达站,35.6633286,117.9754378
安德站,30.87653435,103.8100523
安定站,23.3837645,120.668343
安多站,32.3984857,91.6168946
安广站,24.8372,105.251
敖汉站,-11.8775768,17.5691241
艾河站,31.7199613,117.1379372
安化站,48.8238095,127.8106655
鳌江站,27.629262,120.5408153
安家站,48.8238095,127.8106655
阿金站,24.5149161,110.8090805
安靖站,30.7400032,104.0342595
安龙站,48.8238095,127.8106655
安陆站,25.0030236,121.5143999
阿南庄站,24.59828035,120.9979794
安庆西站,38.4635189,125.9378332
安塘站,28.7403432,115.4945509
安溪站,47.5105828,19.0572624
博鳌站,19.13843725,110.4826904
蚌埠南站,32.9035789,117.4364565
巴楚站,25.1680687,121.3895474
板城站,30.2449198,120.1812284
北戴河站,39.8495816,119.4137242
保定站,38.8624817,115.4731404
宝坻站,39.7145,117.32918
巴东站,25.0330588,102.7320989
布海站,48.8238095,127.8106655
白河东站,32.8063766,110.1091394
贲红站,36.90989085,126.9584214
白河县站,32.8358654,110.0930529
白芨沟站,24.9376311,121.3676522
碧鸡关站,26.7521066,104.25719
北蛘,22.2909982,114.1985352
碧江站,48.8238095,127.8106655
笔架山站,22.3522788,114.1874807
保康站,19.2581396,103.6351693
白狼站,47.04736,120.09469
百浪站,47.04736,120.09469
博乐站,25.8330631,104.1215183
巴林站,48.38452,122.25488
宝林站,22.3213484,114.2552428
北流站,22.7327674,110.3174114
勃利站,48.4722952,135.0567557
宝龙山站,36.2051054,117.1306518
八面城站,43.207562,124.055297
北票南站,41.7582153,120.790787
白旗站,29.4818095,81.75860186
白水江站,25.6582715,104.0157286
白沙坡站,25.66054,103.86608
白水镇站,25.6582715,104.0157286
坂田站,22.6277682,114.0481006
北屯站,24.13715865,120.6869046
本溪湖站,39.8275432,127.6507525
博兴站,22.3714679,114.1177499
八仙筒站,23.8869136,120.7465375
背荫河站,48.4683348,135.0563047
北营站,22.6845313,120.2746471
巴彦高勒站,40.332049,107.016241
白音他拉站,36.7090719,104.9185135
鲅鱼圈站,40.1865964,122.0901851
白银市站,36.3065269,104.1602865
巴中站,31.8765509,106.7614943
霸州站,39.1862939,116.5701317
北宅站,35.120578,102.8566273
长城站,-62.2169296,-58.9619368
承德东站,38.7453745,125.331875
赤峰西站,42.2742475,118.8961106
柴岗站,44.55797,125.11832
长葛站,34.1919636,114.1275347
城固站,48.8238095,127.8106655
陈官营站,36.0868316,103.6580289
草海站,26.7521066,104.25719
柴河站,42.3099812,123.8719578
册亨站,24.9175595,105.5720839
草河口站,40.8763767,123.9052727
巢湖站,31.6647988,117.5456601
岔江站,28.96779565,118.2397877
蔡家坡站,34.322738,107.595032
昌乐站,48.8238095,127.8106655
超梁沟站,35.0097184,135.7738078
昌黎站,26.7108404,119.4808271
长岭子站,38.9367224,121.3164358
晨明站,24.13715865,120.6869046
长农站,24.3975358,107.1714252
昌平北站,40.2289045,116.2267652
常平站,40.7154363,129.2139334
长坡岭站,24.1674372,106.5950201
辰清站,41.7253415,123.5045924
楚山站,33.8673964,108.067407
长寿站,25.933695,119.4859373
磁山站,39.3581344,125.9016519
草市站,42.2950873,125.2297208
长汀站,48.8238095,127.8106655
春湾站,25.06690845,121.5546402
磁县站,36.34593755,114.5914399
岑溪站,47.5105828,19.0572624
磁西站,31.12195,120.2280921
长兴南站,39.8427768,127.6360191
磁窑站,35.90149505,117.1005745
春阳站,24.06259045,121.1672248
城阳站,48.8238095,127.8106655
创业村站,45.3444017,130.8260621
朝阳川站,41.5495957,120.3879024
朝阳南站,41.5495957,120.3879024
长垣站,40.0451974,124.4353824
朝阳镇站,42.681683,126.021572
滁州北站,32.31025965,118.3219426
常州北站,31.8562734,119.9503919
滁州站,32.1994562,118.3148302
潮州站,23.67322,116.81552
德安站,48.8238095,127.8106655
大安站,48.8238095,127.8106655
大坝站,4.6416012,101.1281233
大板站,34.7024351,135.4959728
大巴站,4.6416012,101.1281233
到保站,48.8238095,127.8106655
定边站,35.7778806,139.7326
德伯斯站,46.4919442,121.3575376
德昌站,48.8238095,127.8106655
滴道站,48.8238095,127.8106655
东方站,28.6309706,115.7874562
丹凤站,25.00042115,121.434434
东丰站,32.946079,117.3761765
大官屯站,41.854615,123.864606
大关站,28.9706319,104.8961921
东光站,31.7026833,117.469461
东海站,22.3989367,120.5723086
大红旗站,24.5498606,120.6994553
东海县站,22.3002461,114.1786413
东津站,24.5149161,110.8090805
杜家站,28.5473808,116.0935569
东来站,49.4795493,1.226695
德令哈站,37.3147944,97.3829985
带岭站,35.012315,135.7819586
大林站,23.600804,120.4559894
达拉特旗站,40.39758595,109.9882198
豆罗站,35.0142231,135.7729627
大连西站,23.1140341,113.4231127
东明村站,23.09663325,121.1760067
东明县站,35.268609,115.0863871
大拟站,37.32203515,126.8205291
大平房站,24.58348405,120.8853464
大盘石站,27.1207599,120.1898154
大埔站,25.0691793,121.2206257
大堡站,48.8238095,127.8106655
道清站,28.087787,120.855273
德清西站,38.4635189,125.9378332
大庆西站,38.4635189,125.9378332
东升站,23.0619789,113.5413715
砀山站,27.96793235,82.47832162
独山站,48.505772,32.2629074
大石头站,24.93737975,121.2343836
东台站,40.4934389,128.8522722
定陶站,35.06553695,115.5900145
灯塔站,41.6526803,123.0810715
大田边站,33.7296702,135.3841181
大屯站,23.4046061,103.2806199
东湾站,36.65134,104.7425
大武口站,28.9261872,118.0881921
大兴站,41.0598895,128.8596568
定西站,25.0135971,121.515476
甸心站,31.8929718,117.5870681
东乡站,35.1063966,102.8655914
代县站,30.59027265,103.5347314
定襄站,29.1068858,110.4816163
东戌站,24.1575068,120.6509455
东辛庄站,23.0800147,113.2741816
丹阳站,27.96793235,82.47832162
德阳站,31.1681947,104.387093
大雁站,24.7232125,106.3930471
当阳站,27.96793235,82.47832162
大营站,30.577242,105.251409
定远站,34.3870033,132.3181388
岱岳站,27.7081891,85.3277285
大元站,23.2523731,113.3459949
大营镇站,33.9027464,112.8692556
大战场站,37.4227143,105.5419018
德州东站,37.4089831,116.4562623
东至站,48.8238095,127.8106655
东镇站,32.0711226,121.0781673
道州站,27.8059932,119.26577
东庄站,33.7093558,113.1768081
兑镇站,39.8409564,123.233798
豆庄站,23.5457974,120.4126604
定州站,38.50777785,115.0689707
大竹园站,25.0558139,121.2106496
峨边站,55.600857,38.1221904
鄂尔多斯站,39.81449765,109.9702773
二龙站,31.5148395,117.2444258
峨眉站,29.5972384,103.5181461
二密河站,41.7926406,125.8610648
二营站,22.6845313,120.2746471
鄂州站,27.8059932,119.26577
福安站,32.6989604,120.452986
丰城站,24.3975358,107.1714252
丰城南站,45.2921489,130.9697492
肥东站,31.86424935,117.4819036
发耳站,4.9356911,-52.3348178
富海站,48.8238095,127.8106655
福海站,48.8238095,127.8106655
凤凰城站,31.8736926,117.2298796
汾河站,37.9478838,112.5348328
奉化站,29.63018085,121.4603573
富锦站,47.23502375,132.0389434
福利区站,36.0949428,103.6303237
福利屯站,24.1804952,120.5978407
丰乐镇站,40.4340603,113.1564532
阜南站,39.495499,113.036703
阜宁站,23.5455,110.163
抚宁站,23.5455,110.163
福清站,28.087787,120.855273
福泉站,23.5457974,120.4126604
丰顺站,24.16172,116.43865
繁峙站,22.4920779,114.1387074
抚顺站,29.2119242,105.0355919
福山口站,34.3826727,133.3807801
冯屯站,24.13715865,120.6869046
浮图峪站,35.10384,129.036368
富县东站,36.021393,109.392656
凤县站,34.2350063,106.9007913
富县站,36.0091186,109.3845483
费县站,35.2022597,118.1574249
汾阳站,37.27181685,111.7742159
扶余北站,35.0303769,104.6854424
富源站,40.0451974,124.4353824
扶余站,35.10384,129.036368
富裕站,35.10384,129.036368
抚州北站,28.01037085,116.2868131
凤州站,25.0578365,121.5253374
丰镇站,40.4340603,113.1564532
范镇站,24.2671656,120.6286791
固安站,48.8238095,127.8106655
广安站,32.946079,117.3761765
高碑店站,39.3245097,115.8546687
沟帮子站,41.3588682,121.769473
谷城站,30.2449198,120.1812284
藁城站,30.2449198,120.1812284
高村站,21.51694,110.74468
古城镇站,37.6834606,117.7959348
广德站,30.91415,119.4042428
贵定站,22.6405151,120.3910306
贵定南站,26.3490191,107.1857387
古东站,43.8899753,125.3662778
贵港站,23.5455,110.163
官高站,48.8238095,127.8106655
干沟站,23.5457974,120.4126604
甘谷站,34.7641432,105.3283995
甘河站,47.4680989,-0.5954148
孤家子站,41.7325499,123.4822958
古浪站,46.4835515,30.7411266
皋兰站,48.9124674,24.7570708
关林站,56.5679348,8.9180582
甘洛站,24.1281235,121.64056
高密站,23.799167,121.5225
广南卫站,22.33462845,114.2110831
高平站,31.0472393,104.215752
甘泉北站,34.4608593,105.9289178
高桥镇站,40.9076044,120.9917831
灌水站,36.0844067,103.8102972
赶水站,36.0845086,103.8103616
果松站,36.6969708,119.0932639
高山子站,41.5522373,122.0525478
高台站,22.8655039,121.1606951
古田站,26.5638051,118.7443304
官厅站,31.7855643,116.8871245
贵溪站,23.1164771,113.2776494
涡阳站,36.306508,127.5714798
巩义站,34.7612905,112.9758574
高邑站,22.6464164,120.3089556
广元南站,39.495499,113.036703
固原站,36.02120055,106.3013411
菇园站,36.02120055,106.3013411
公营子站,41.35554,119.84535
光泽站,35.1452472,126.8989236
古镇站,22.60087065,113.2006996
固镇站,33.3187235,117.3010671
虢镇站,34.3645345,107.358696
瓜州站,34.6676946,137.8094562
高州站,27.8059932,119.26577
盖州站,40.2445754,122.4196044
官字井站,24.9465923,121.3728524
冠豸山站,48.505772,32.2629074
盖州西站,40.2445754,122.4196044
红安站,31.00282245,114.6243282
海安县站,32.6989604,120.452986
红安西站,31.00666295,114.6276519
黄柏站,25.8330631,104.1215183
海北站,35.0303769,104.6854424
鹤壁站,35.7059767,114.2946338
会昌北站,35.0303769,104.6854424
华城站,30.2449198,120.1812284
河唇站,21.699167,110.297533
汉川站,30.5446874,113.8070798
海城站,30.2449198,120.1812284
合川站,48.8238095,127.8106655
黄村站,21.43111,110.1367
海城西站,40.9122253,122.6544762
化德站,48.8238095,127.8106655
洪洞站,36.90989085,126.9584214
横峰站,28.417185,117.597452
汉沽站,35.01439925,137.0127972
红光镇站,30.8109319,103.9061871
浑河站,41.7254692,123.3758656
和静站,24.9465923,121.3728524
红江站,27.11377335,109.6822201
黑井站,48.8238095,127.8106655
获嘉站,44.4923759,127.0503402
河津站,24.5149161,110.8090805
涵江站,25.4943905,119.1708662
华家站,48.8238095,127.8106655
杭锦后旗站,40.862445,107.1111062
湖口站,31.3222136,121.5425975
呼兰站,48.9124674,24.7570708
浩良河站,24.807626,98.2929182
哈拉海站,44.6725799,125.0819349
鹤立站,26.7108404,119.4808271
桦林站,24.475988,118.164089
黄陵站,24.1674372,106.5950201
海林站,45.0267304,129.7159862
虎林站,45.9069066,133.3993387
寒岭站,28.3922923,116.0063848
和龙站,48.8238095,127.8106655
海龙站,48.8238095,127.8106655
哈拉苏站,48.8238095,127.8106655
黄梅站,40.04465275,124.317637
黄泥河站,43.9067531,127.2972107
海宁站,30.536015,120.6812074
惠农站,24.3975358,107.1714252
和平站,24.29832365,121.753384
花桥站,31.3375573,121.0420613
宏庆站,36.90989085,126.9584214
怀仁站,35.01141525,135.7867341
华容站,48.8238095,127.8106655
华山北站,34.5835192,110.0929803
黄松甸站,34.7704041,108.0780416
红山站,28.3736411,116.2275162
汉寿站,41.5202491,121.2681873
衡山站,24.3337411,121.7684595
黑水站,48.8238095,127.8106655
惠山站,48.505772,32.2629074
海石湾站,22.3457692,113.8901189
衡山西站,27.2510992,112.7837025
黑台站,48.8238095,127.8106655
桓台站,49.7252141,4.3052673
和田站,25.0563486,121.5256347
会同站,48.8238095,127.8106655
黑旺站,45.3444017,130.8260621
红星站,43.2460867,130.1066252
徽县站,34.2795641,108.9576984
红兴隆站,36.55731755,104.1670964
红彦站,32.07341685,103.1163454
合阳站,35.1956433,110.085414
海阳站,22.15770465,113.5413499
衡阳东站,26.8941571,112.6260885
华蓥站,30.3660222,106.7771102
汉阴站,32.8788942,108.5019433
汉源站,39.8839107,116.6347997
河源站,40.0451974,124.4353824
花园站,31.2466839,113.9714439
湟源站,40.0451974,124.4353824
湖州站,23.1386608,113.1666173
化州站,27.8059932,119.26577
黄州站,30.5890577,114.9997692
霍州站,36.5855297,111.7135456
惠州西站,39.8816233,127.4851341
巨宝站,48.8238095,127.8106655
靖边站,22.9896508,103.6832064
金宝屯站,43.3811658,123.5718504
晋城北站,39.506836,113.029033
金昌站,38.37071315,102.061558
鄄城站,30.2449198,120.1812284
建昌站,27.5669595,116.6114576
峻德站,47.1948405,130.2832386
井店站,22.1014243,111.8188597
鸡东站,23.3079827,113.4265433
江都站,48.8238095,127.8106655
鸡冠山站,34.7054258,109.3694751
静海站,31.5851814,120.3253123
金河站,20.578078,110.419475
锦河站,20.578078,110.419475
精河站,34.4815641,108.9702438
精河南站,23.2188325,113.2585741
江华站,48.8238095,127.8106655
建湖站,33.5068096,119.7931757
晋江站,26.547043,101.849631
锦界站,36.6969934,119.0932496
姜家站,23.8827475,106.6619506
江津站,24.5149161,110.8090805
金坑站,23.2594285,113.5207831
芨岭站,24.1674372,106.5950201
江门东站,43.8899753,125.3662778
角美站,25.06690845,121.5546402
莒南站,39.495499,113.036703
井南站,39.495499,113.036703
经棚站,39.948892,116.3323809
江桥站,32.8769208,117.3593409
九三站,24.102,121.6058
金山北站,30.8962314,121.084967
嘉善站,48.505772,32.2629074
京山站,48.505772,32.2629074
建始站,39.377354,113.27792
稷山站,23.1284283,113.4162802
吉舒站,39.38209825,75.99158963
建设站,23.94750805,121.5451988
甲山站,48.505772,32.2629074
建三江站,47.2447364,132.628682
嘉善南站,30.7902481,120.9316955
金山屯站,24.78025375,121.1787248
景泰站,37.193749,104.053219
九台南站,22.9821376,120.1976506
吉文站,23.65685865,121.4205969
进贤站,28.35772195,116.2412756
莒县站,34.2795641,108.9576984
嘉祥站,35.39261865,116.3529854
介休站,37.0179736,111.9130844
嘉兴站,22.3714679,114.1177499
井陉站,22.3714679,114.1177499
嘉兴南站,30.6930612,120.7955179
姜堰站,24.8372,105.251
揭阳站,23.69253,116.25308
建阳站,30.3593406,104.5127304
简阳站,30.3593406,104.5127304
巨野站,35.378846,116.08246
江永站,40.2058471,44.5681123
缙云站,4.9356911,-52.3348178
靖远站,40.0451974,124.4353824
江源站,40.0451974,124.4353824
济源站,40.0451974,124.4353824
胶州北站,36.3964331,120.0504908
焦作东站,35.26560265,113.1266005
金寨站,35.120578,102.8566273
靖州站,27.8059932,119.26577
荆州站,27.8059932,119.26577
胶州站,23.0650718,113.3527199
晋州站,38.0199405,115.026934
锦州南站,41.01471035,121.1205873
焦作站,35.26560265,113.1266005
旧庄窝站,40.1709745,115.6325391
开安站,4.9356911,-52.3348178
库车站,41.708339,82.974452
康城站,19.2581396,103.6351693
宽甸站,40.6896544,124.6524399
克东站,45.3061487,131.1760832
开江站,4.9356911,-52.3348178
喀喇其站,48.8238095,127.8106655
开鲁站,4.9356911,-52.3348178
克拉玛依站,45.5272459,84.89286569
口前站,24.913845,121.146247
昆山站,31.3375573,121.0420613
奎山站,45.2263807,130.4002797
克山站,55.77340155,37.65646376
开通站,4.9356911,-52.3348178
昆阳站,24.06259045,121.1672248
开原西站,39.1553878,117.1610794
康庄站,40.3783607,115.8906229
来宾站,24.096873,110.1106216
老边站,40.6732981,122.3631959
龙川站,39.9857072,124.4575053
乐昌站,48.8238095,127.8106655
黎城站,30.2449198,120.1812284
聊城站,36.1014306,115.8029112
蓝村站,21.32674,110.50157
两当站,33.77618,106.3062
乐都站,48.8238095,127.8106655
鲁番站,22.4920779,114.1387074
廊坊站,39.5828822,116.6925502
落垡站,43.5751791,3.8264197
廊坊北站,39.5828822,116.6925502
老府站,20.570358,101.458422
兰岗站,56.4688724,10.71500419
芦沟站,36.1875334,117.1051392
龙沟站,45.2953953,130.9851342
拉古站,48.8238095,127.8106655
临海站,28.8830874,121.242736
林海站,28.8830874,121.242736
拉哈站,48.8238095,127.8106655
凌海站,41.2045862,120.7844187
柳河站,47.4989929,-0.49041
六合站,47.4989929,-0.49041
龙华站,41.3266964,117.7452219
刘家店站,22.1014243,111.8188597
刘家河站,40.67018,123.98067
连江站,21.7285518,110.0384997
庐江站,31.34292485,117.1716853
李家站,55.7928362,37.63259671
廉江站,21.7285518,110.0384997
两家站,40.2046383,128.3408556
龙嘉站,28.6780483,116.0058242
李家坪站,35.6608163,104.3246435
林口站,25.0804696,121.3688307
拉林站,56.5679348,8.9180582
龙里站,26.7108404,119.4808271
临澧站,26.70314665,119.5089306
兰棱站,25.061706,121.4589414
零陵站,24.1674372,106.5950201
卢龙站,48.8238095,127.8106655
喇嘛甸站,22.1014243,111.8188597
洛门站,34.7540958,105.028394
龙南站,33.37718255,104.9565005
梁平站,30.7178255,107.8122436
罗平站,22.6138735,120.3044811
乐平市站,22.06973,112.34165
临清站,36.9883419,115.2817888
龙泉寺站,22.6560668,120.2752717
乐山北站,35.0303769,104.6854424
乐善村站,23.1054831,113.2219514
陵水站,18.5379736,110.0288117
丽水站,31.6812072,119.0905678
罗山站,39.9061865,127.8188823
鲁山站,48.505772,32.2629074
梁山站,34.5869837,108.1819689
庐山站,48.505772,32.2629074
龙山镇站,25.0480032,121.4525965
黎塘站,41.1860848,122.0365067
轮台站,24.84827675,121.0243858
芦台站,48.8238095,127.8106655
濑湍站,11.5621583,109.015885
莱芜东站,36.22942615,117.7186732
狼尾山站,35.555918,129.326764
莱芜西站,23.1419931,113.2408688
朗乡站,46.4835515,30.7411266
陇县站,41.5334829,129.6474011
临湘站,29.3040848,113.6016284
芦溪站,36.8406941,119.3778714
莱西站,23.1419931,113.2408688
林西站,39.7099646,118.4598109
滦县站,39.7574745,118.699095
略阳站,48.8238095,127.8106655
莱阳站,37.1427296,121.1485183
辽阳站,41.6526803,123.0810715
临沂北站,35.1964821,118.374842
凌源东站,41.261455,119.409522
连云港站,34.68674645,119.4547182
临颍站,33.80826365,113.9146185
龙游站,48.8238095,127.8106655
林源站,22.5006629,120.3958802
涟源站,55.600857,38.1221904
临泽站,56.5679348,8.9180582
雷州站,20.9076779,110.0932095
六枝站,34.5280159,109.8900095
鹿寨站,35.120578,102.8566273
来舟站,37.1799732,119.9304023
龙镇站,48.6843892,126.7096265
拉站,48.8238095,127.8106655
兰州新区站,36.4697118,103.6157336
马鞍山站,41.1110326,122.9796732
毛坝站,4.6742476,101.1531274
毛坝关站,33.3429537,106.0864838
麻城北站,31.18860415,114.9792556
渑池站,34.7540506,111.7810084
明城站,30.2449198,120.1812284
弥渡站,48.8238095,127.8106655
明港站,32.4668658,114.0438174
梅河口站,42.570996,125.6438932
马皇站,48.8238095,127.8106655
孟家岗站,25.061706,121.4589414
美兰站,23.0047512,121.2866938
汨罗东站,24.6770801,121.7775059
马莲河站,48.4683348,135.0563047
茅岭站,34.31645,108.6082997
庙岭站,22.3237874,114.2035509
茂林站,46.2281884,6.1419399
穆棱站,44.6108268,130.3531213
马林站,50.7738655,29.2997857
马龙站,24.5185233,118.1133748
汨罗站,28.8514337,112.9125178
冕宁站,31.3424629,104.210405
沐滂站,28.29227385,82.85828195
马桥河站,34.8930019,135.8063339
闽清站,24.2671656,120.6286791
麻山站,48.38452,122.25488
眉山站,30.3511691,103.8541335
美溪站,24.00593765,121.0873496
勉县站,33.1252976,106.5299504
麻阳站,48.8238095,127.8106655
米易站,43.865053,125.2599704
麦园站,20.679161,101.057159
墨玉站,35.10384,129.036368
庙庄站,33.962019,118.3270717
米脂站,23.2193658,120.5439283
明珠站,22.2713416,113.5104333
宁安站,43.9582782,128.692599
南城司站,27.5669595,116.6114576
宁村站,23.1189809,113.4150389
宁德站,26.8762426,119.5891785
南观村站,35.01341595,135.7944721
南宫东站,36.9883419,115.2817888
南关岭站,24.1674372,106.5950201
宁国站,30.63745695,118.9873022
宁海站,29.33916475,121.4153532
南华北站,35.0303769,104.6854424
泥河子站,41.44875,121.21628
宁家站,28.9261872,118.0881921
南靖站,24.5814974,117.4435804
牛家站,24.70590215,121.2029623
南口站,35.3350547,139.5613177
南口前站,41.993216,124.602914
南朗站,22.4890798,113.5281991
乃林站,35.5315819,139.4373761
那罗站,24.70590215,121.2029623
南木站,48.17655,122.36015
那铺站,20.565653,110.184825
南桥站,21.2723094,110.3628344
那曲站,31.44542755,91.98948927
南台站,48.8238095,127.8106655
南头站,23.9252134,120.6889524
宁武站,23.2664498,113.5339329
宁乡站,32.3208548,117.2117935
南峪站,35.10384,129.036368
南杂木站,36.3717284,139.7314038
蓬安站,31.0025969,106.4196733
平安站,43.87647,127.3774
平安镇站,43.87647,127.3774
蒲城东站,34.9895884,109.6042407
裴德站,31.8761859,121.0483354
瓢儿屯站,41.841275,123.790157
平房站,35.0165044,135.7824091
平岗站,26.0119097,119.4790315
盘关站,49.445727,1.0933787
平果站,40.0689102,116.5492814
平河口站,25.67269,103.92663
平湖站,31.7057153,118.4960146
皮口南站,39.4396387,122.3118149
普兰店站,39.148837,121.8093936
偏岭站,40.4721882,123.1611585
平山站,38.3322191,126.3958402
皮山站,48.505772,32.2629074
磐石站,43.00863,125.98476
平社站,22.5360978,114.1507305
平台站,23.5053535,120.6948963
莆田站,22.5411429,114.0519689
普湾站,39.32894185,121.8082142
平旺站,24.13715865,120.6869046
普雄站,22.6385706,120.3025409
郫县站,30.8109319,103.9061871
平洋站,43.87648505,125.3208498
平遥站,37.1548093,112.1432906
平邑站,43.865053,125.2599704
平原堡站,23.5053535,120.6948963
平原站,40.0451974,124.4353824
平峪站,33.70877535,113.2421504
彭泽站,30.03168405,116.7115472
邳州站,34.3193354,117.9557155
平庄站,24.13715865,120.6869046
乾安站,47.4680989,-0.5954148
庆安站,36.90989085,126.9584214
迁安站,39.852924,118.6664733
祁东北站,24.3337411,121.7684595
七甸站,22.1014243,111.8188597
曲阜东站,40.6400857,128.5859612
庆丰站,23.2163123,113.2223768
曲阜站,37.6626769,127.0550141
琼海站,19.241613,110.4876438
秦皇岛站,39.9958709,119.7537877
千河站,48.4683348,135.0563047
清河站,32.8607549,115.8266385
清河门站,41.749299,121.429788
全椒站,32.06234495,118.2782105
渠旧站,43.64991,125.89031
潜江站,28.3685406,115.9335944
秦家站,24.3272583,109.4067597
綦江站,48.8238095,127.8106655
清涧县站,37.1659708,109.9946461
秦家庄站,24.3272583,109.4067597
七里河站,33.0782222,139.8425146
秦岭站,34.2350063,106.9007913
渠黎站,26.7108404,119.4808271
青龙站,39.019773,125.9128182
青龙山站,23.852257,120.9348179
祁门站,55.8621115,9.8471494
前磨头站,28.5473808,116.0935569
青山站,35.8201498,128.7292684
确山站,32.8036647,114.0306577
前山站,20.4264921,110.4606576
清水站,24.1281235,121.64056
戚墅堰站,31.7245525,120.062673
青田站,36.90989085,126.9584214
桥头站,22.7610541,120.3103108
前卫站,28.4437209,115.6174994
前苇塘站,28.4437209,115.6174994
渠县站,34.2795641,108.9576984
祁县站,34.2795641,108.9576984
青县站,36.90989085,126.9584214
桥西站,47.5105828,19.0572624
清徐站,36.90989085,126.9584214
千阳站,28.6526683,121.200179
泉阳站,40.2058471,44.5681123
祁阳北站,31.66689535,117.7539321
七营站,22.6845313,120.2746471
庆阳山站,31.7026833,117.469461
清远站,23.5506095,113.1425039
清原站,23.5506095,113.1425039
钦州东站,21.66689405,108.5635123
钦州站,21.66689405,108.5635123
青州市站,36.77126045,118.4978752
瑞安站,27.770082,120.5769468
荣昌站,48.8238095,127.8106655
瑞昌站,29.6906119,115.659027
如皋站,55.600857,38.1221904
容桂站,4.9356911,-52.3348178
任丘站,38.6940715,116.1111165
乳山站,36.996765,121.5019586
融水站,36.0844067,103.8102972
容县站,34.2795641,108.9576984
汝阳站,55.600857,38.1221904
汝州站,34.1152753,112.8415784
石坝站,4.6416012,101.1281233
施秉站,37.5238501,126.980155
世博园站,34.330152,109.046467
舒城站,31.5112193,117.1539309
商城站,30.2449198,120.1812284
顺昌站,23.7825002,121.4581262
沙城站,40.3949308,115.5123606
石城站,21.599926,110.280463
山城镇站,24.5130282,117.3686508
山丹站,27.96793235,82.47832162
水洞站,43.8899753,125.3662778
商都站,48.8238095,127.8106655
十渡站,29.1669036,114.6965307
绅坊站,28.20027855,120.9872607
双丰站,43.90961,127.35341
四方台站,28.59049245,115.8343991
水富站,37.6626769,127.0550141
韶关站,25.26345,114.42892
蜀河站,4.9356911,-52.3348178
沙河站,40.14704965,116.2827665
沙河市站,36.777074,114.4782867
山河屯站,39.7962825,121.4805362
双河镇站,45.9687591,130.2449893
石河子站,44.26714485,86.06078045
三家店站,-36.8870429,174.912718
水家湖站,32.48507325,117.1633916
沈家河站,24.94101645,121.3796609
松江河站,31.1366628,121.3127491
尚家站,48.8238095,127.8106655
孙家站,29.0156238,119.1036885
沈家站,24.94101645,121.3796609
双吉站,41.3194325,115.3376071
松江站,31.1366628,121.3127491
三江口站,28.6769581,121.326858
司家岭站,24.1674372,106.5950201
松江南站,30.98709925,121.2263791
三江县站,38.9292459,125.5781022
十家子站,23.7123564,120.9078958
松江镇站,31.1366628,121.3127491
什里店站,36.09133,103.75736
疏勒站,39.38209825,75.99158963
疏勒河站,4.9356911,-52.3348178
石磷站,25.0947907,121.5185922
石林站,25.0947907,121.5185922
双辽站,43.5950926,123.6335307
绥棱站,24.9936315,121.4633677
石岭站,21.650998,110.124952
石林南站,24.8245655,103.5136599
石龙站,23.3164399,113.1861495
萨拉齐站,40.4464439,128.2789461
索伦站,46.601338,121.2358047
商洛站,28.6309706,115.7874562
三门县站,29.057608,121.359035
石门县站,29.5870703,111.3667479
三门峡西站,34.6879203,111.074739
肃宁站,23.5455,110.163
宋站,36.6969708,119.0932639
双牌站,25.0645385,121.5019073
沙坪坝站,29.556775,106.456018
四平东站,33.7334978,113.3866912
遂平站,24.9936315,121.4633677
沙坡头站,22.3237874,114.2035509
水泉站,41.1110054,119.1570151
石泉县站,33.0322931,108.2436446
石桥子站,41.45111,123.71768
山市站,39.377354,113.27792
神树站,46.941097,128.4197292
鄯善站,48.505772,32.2629074
三水站,36.0844067,103.8102972
泗水站,40.4166032,127.2607286
石山站,48.505772,32.2629074
松树站,24.13715865,120.6869046
首山站,41.2194193,123.0663312
三十家站,41.0126447,119.048356
松桃站,22.9264281,120.256439
石头站,24.93737975,121.2343836
上万站,55.600857,38.1221904
孙吴站,48.8238095,127.8106655
沙湾县站,24.96676045,121.9225052
歙县站,34.2795641,108.9576984
遂溪站,21.400715,110.262557
绍兴站,30.0144071,120.5732544
石岘站,34.2795641,108.9576984
上西铺站,39.0895514,125.7352285
沭阳站,4.9356911,-52.3348178
寿阳站,39.3932881,126.0672431
水洋站,48.8238095,127.8106655
三营站,24.9543716,121.3602857
顺义站,40.1248477,116.6393661
上虞站,30.0044899,120.8534356
三原站,34.6063281,108.9430317
上园站,40.0451974,124.4353824
水源站,40.0451974,124.4353824
桑园子站,31.8745894,117.5738132
绥中北站,40.3194048,120.3499148
苏州北站,39.506836,113.029033
宿州东站,33.6768148,117.2463447
深圳东站,22.6047934,114.114666
深州站,18.7265247,110.3034002
孙镇站,49.6733418,126.9549377
绥中站,40.3194048,120.3499148
尚志站,44.7907628,128.4814835
师庄站,22.73764,120.304188
松滋站,30.1209044,111.4043927
师宗站,48.8238095,127.8106655
泰安站,36.1717597,117.0286902
台安站,36.1717597,117.0286902
通安驿站,31.8513616,117.2629518
桐柏站,25.8330631,104.1215183
通北站,35.0303769,104.6854424
桐城站,30.2449198,120.1812284
汤池站,35.6742577,139.7453028
桃村站,31.56078245,119.2689861
通道站,45.3021595,130.9706421
田东站,43.8899753,125.3662778
天岗站,43.902179,126.9490452
通沟站,45.2953953,130.9851342
太谷站,37.4212901,112.5636791
唐河站,35.12311645,118.5906406
泰和站,22.4511093,114.1606176
太湖站,22.378341,113.9619695
团结站,31.78555485,116.8865495
谭家井站,24.9465923,121.3728524
唐家湾站,22.3659042,113.5463808
泰康站,23.2915837,120.3256969
铜陵站,30.9211645,117.8566906
田林站,56.5679348,8.9180582
亭亮站,2.0935828,103.2799104
铁力站,26.7108404,119.4808271
铁岭西站,42.2312307,123.6657289
天门站,55.8621115,9.8471494
太姥山站,48.505772,32.2629074
土门子站,34.2791837,108.9049043
洮南站,19.345448,103.178056
潼南站,30.2223955,105.8741847
太平川站,37.9337,118.317
太平镇站,28.7597488,115.7041673
台前站,35.9639474,115.8574722
天桥岭站,24.1674372,106.5950201
汤山城站,40.3098366,124.2035996
桃山站,24.62910475,121.1187327
通途站,20.87729,109.78102
同心站,31.8929718,117.5870681
桐乡站,30.5395116,120.5636238
田阳站,24.4863256,120.786501
天义站,31.6397319,120.2997831
滕州东站,35.0925991,117.2506244
台州站,28.6890521,121.2858647
天祝站,23.5455,110.163
滕州站,34.9210876,117.1985876
桐子林站,30.6177336,104.0646966
天柱山站,30.6583098,116.5552939
文安站,23.6938966,120.4774493
武安站,36.8664229,113.8628168
王安镇站,34.6873081,112.4302702
吴堡站,48.8238095,127.8106655
旺苍站,35.0168973,135.7904155
五叉沟站,46.769263,120.3125407
文昌站,40.2058471,44.5681123
温春站,44.4355244,129.4777871
五大连池站,48.6271529,126.6112859
文登站,37.1793452,121.9866249
文地站,24.840261,121.7986908
卫东站,23.69728295,113.6595733
潍坊站,36.6962496,119.0919347
王府站,44.8701417,125.0007895
王岗站,23.2415061,113.2769744
武功站,34.258842,108.2058311
湾沟站,24.0818655,120.5380701
乌海站,39.6689198,106.8009802
苇河站,23.3275066,121.3192498
五家站,29.0260249,116.0622428
威箐站,39.9039218,116.4255808
午汲站,24.6884108,121.7911514
渭津站,25.1681202,121.388533
王家湾站,30.5646744,114.2048845
倭肯站,35.3387452,139.4863127
五棵树站,39.38209825,75.99158963
五龙背站,24.7205499,121.1162913
万乐站,55.600857,38.1221904
温岭站,28.482304,121.3204731
五莲站,31.5148395,117.2444258
乌拉山站,23.1553934,113.3464292
卧里屯站,46.4681337,125.2116334
渭南北站,34.53709125,109.475889
万宁站,18.7265247,110.3034002
渭南南站,34.485849,109.488461
渭南镇站,34.6655421,105.7052565
吴桥站,23.3209,109.485
汪清站,29.8444206,107.6403901
武清站,28.087787,120.855273
武山站,23.1553934,113.3464292
文水站,24.4488935,120.8737802
王瞳站,22.2734203,113.9627151
五台山站,25.0532646,121.4395522
五五站,43.422667,129.547132
无锡东站,31.5981564,120.4548648
闻喜站,40.2058471,44.5681123
武乡站,35.1063966,102.8655914
无锡新区站,31.4996314,120.3875498
武穴站,24.1575068,120.6509455
吴圩站,37.9036056,102.622285
武义站,28.911643,119.8263522
五营站,22.6845313,120.2746471
瓦窑田站,24.13715865,120.6869046
五原站,40.0451974,124.4353824
韦庄站,33.7093383,113.3473745
五寨站,35.120578,102.8566273
微子镇站,36.3249263,113.2868725
魏杖子站,40.974515,119.058404
新安站,24.7810908,121.0044689
兴安站,48.8238095,127.8106655
新安县站,34.7206626,112.1549347
西八里站,40.4368562,115.3382456
宣城站,30.94929225,118.7688391
兴城站,30.2449198,120.1812284
小村站,21.59981,110.13271
下城子站,22.050986,120.7248803
新城子站,42.051671,123.507256
喜德站,23.1213534,113.3264947
西大庙站,31.66689535,117.7539321
小董站,43.8899753,125.3662778
小东站,43.8899753,125.3662778
信丰站,24.8692893,120.99653
息烽站,37.7903324,112.5984804
新干站,41.143756,80.304784
孝感站,31.578138,114.498519
西固站,36.1038306,103.6034908
夏官营站,35.90575645,104.1725029
襄河站,48.4683348,135.0563047
新和站,23.4154164,113.4607895
斜河涧站,37.27181685,111.7742159
新华站,23.0360063,120.3095238
新化站,23.0360063,120.3095238
小河沿站,24.8372,105.251
下花园站,40.485311,115.2736655
徐家站,28.6725905,115.9111402
峡江站,34.4268592,105.7279775
新绛站,44.40438855,84.84947769
辛集站,33.7950859,112.9962314
新江站,44.40438855,84.84947769
西街口站,24.8245655,103.5136599
许家屯站,40.038721,122.076292
许家台站,28.6725905,115.9111402
谢家镇站,22.27888,114.17944
兴凯站,4.9356911,-52.3348178
小榄站,22.36559415,114.006405
香兰站,24.97162145,121.9281246
新乐站,31.8929718,117.5870681
新林站,28.59908845,115.9221955
小岭站,24.1674372,106.5950201
新李站,24.8692893,120.99653
西林站,30.9380514,118.7074359
西柳站,40.84309,122.61601
仙林站,32.12485755,118.9075624
兴隆镇站,40.3024077,123.264048
新立镇站,39.9307187,123.5884237
新民站,41.6526803,123.0810715
西麻山站,45.211254,130.47295
下马塘站,31.4476355,119.454276
孝南站,39.495499,113.036703
咸宁北站,29.8881311,114.296237
兴宁站,23.5455,110.163
咸宁站,23.5455,110.163
犀浦东站,30.7378382,103.9902976
西平站,23.5423632,120.6200433
兴平站,34.2896639,108.4819968
新坪田站,24.15152455,120.702669
霞浦站,26.91302415,120.0278102
犀浦站,39.0895514,125.7352285
新青站,28.087787,120.855273
新邱站,42.1075919,121.7804268
兴泉堡站,37.1145335,104.0050453
小寺沟站,35.966819,103.2956775
杏树站,39.38209825,75.99158963
浠水站,30.4354929,115.2364011
下社站,24.9773594,121.3183455
徐水站,36.0844067,103.8102972
夏石站,34.7151887,111.4741085
小哨站,25.053872,121.6049973
湘潭站,27.879007,112.907708
邢台站,37.1692509,114.5071497
下台子站,22.3255404,114.1682111
徐闻站,20.4505951,110.3070383
修武站,20.9282457,110.0683693
新县站,34.2795641,108.9576984
息县站,34.2795641,108.9576984
西乡站,35.1063966,102.8655914
湘乡站,35.1063966,102.8655914
西峡站,25.287778,118.453056
孝西站,47.5105828,19.0572624
小新街站,41.9065053,123.448905
新兴县站,22.7406418,112.2240792
小西庄站,28.9986585,115.9015533
向阳站,25.287778,118.453056
旬阳站,48.8238095,127.8106655
襄阳东站,25.287778,118.453056
兴业站,48.8238095,127.8106655
小雨谷站,28.4008012,100.5942377
信宜站,43.865053,125.2599704
小月旧站,43.64991,125.89031
祥云站,4.9356911,-52.3348178
襄垣站,39.7906395,126.2415484
新阳镇站,31.9216731,115.6649397
新帐房站,28.53525005,115.8813168
新肇站,32.0711226,121.0781673
忻州站,27.8059932,119.26577
汐子站,48.8238095,127.8106655
依安站,48.8238095,127.8106655
永安站,23.0492325,120.2412266
永安乡站,36.7720052,119.210905
元宝山站,38.9032509,125.5535495
羊草站,42.2950873,125.2297208
迎春站,36.1875334,117.1051392
叶城站,37.89315705,77.47086911
盐池站,37.7338669,107.3429587
砚川站,34.0717767,109.7911906
阳春站,22.1014243,111.8188597
宜城站,30.2449198,120.1812284
应城站,30.2449198,120.1812284
晏城站,30.2449198,120.1812284
阳城站,30.2449198,120.1812284
阳岔站,28.96779565,118.2397877
郓城站,35.02690795,110.985043
雁翅站,37.7338669,107.3429587
虞城县站,36.9223747,116.6257678
英德站,24.1615314,113.4344005
永登站,28.0722482,105.5617621
尹地站,48.8238095,127.8106655
永定站,24.138592,120.6784196
雁荡山站,28.3433999,121.1469123
于都站,48.8238095,127.8106655
园墩站,24.6872989,121.0254787
英德西站,24.16262565,113.3449401
杨岗站,45.7138016,132.2757717
阳高站,48.8238095,127.8106655
阳谷站,36.1014306,115.8029112
友好站,48.8238095,127.8106655
余杭站,30.3831962,120.2916125
沿河城站,40.737398,129.2217263
岩会站,48.8238095,127.8106655
羊臼河站,48.4683348,135.0563047
永嘉站,28.07226785,120.6911894
盐津站,24.5149161,110.8090805
余江站,48.8238095,127.8106655
姚家站,39.0253831,121.6143281
岳家井站,28.6581088,116.1368572
永康站,28.91236625,120.0164582
营口东站,40.6747155,122.2357736
银浪站,46.4835515,30.7411266
永郎站,27.1539037,102.2476929
永乐店站,40.2058471,44.5681123
伊拉哈站,48.8238095,127.8106655
伊林站,22.5259212,120.6317401
杨陵站,24.1674372,106.5950201
彝良站,2.0935828,103.2799104
杨林站,56.5679348,8.9180582
月亮田站,23.3291421,113.3549923
阳明堡站,24.4647933,118.4367026
玉门站,22.55987,113.00408
云梦站,21.4277432,101.5884733
沂南站,39.495499,113.036703
宜耐站,45.2894342,130.9575298
营盘水站,25.0325836,121.4351277
羊堡站,48.8238095,127.8106655
乐清站,28.087787,120.855273
焉耆站,48.8238095,127.8106655
源迁站,34.885846,118.2211393
阳曲站,48.8238095,127.8106655
月山站,48.505772,32.2629074
玉石站,39.377354,113.27792
玉舍站,35.02807895,135.7973478
偃师站,34.7298719,112.7900307
沂水站,36.0844067,103.8102972
榆社站,35.02807895,135.7973478
颍上站,50.8460417,4.290588
元氏站,39.377354,113.27792
杨树岭站,40.9895361,118.872226
榆树屯站,47.1532246,123.8875383
榆树台站,33.943137,106.026644
源潭站,24.4863256,120.786501
羊尾哨站,25.053872,121.6049973
越西站,23.1164771,113.2776494
攸县站,34.2795641,108.9576984
永修站,28.9986585,115.9015533
玉溪西站,23.1164771,113.2776494
弋阳站,28.4142324,117.4396769
余姚站,30.05697645,121.156479
酉阳站,48.8238095,127.8106655
岳阳东站,29.3040848,113.6016284
阳邑站,43.865053,125.2599704
鸭园站,4.9356911,-52.3348178
仪征站,32.1316406,118.9225118
宜州站,40.195499,124.5208573
兖州站,35.55652695,116.835756
迤资站,48.8238095,127.8106655
镇安站,33.4225988,109.1649553
治安站,43.89327,127.36921
枝城站,30.2449198,120.1812284
子长站,48.8238095,127.8106655
诸城站,30.2449198,120.1812284
邹城站,35.3888073,116.9602711
章党站,34.735025,104.538223
正定站,25.07931745,121.2345925
肇东站,24.4863256,120.786501
章古台站,42.7035146,122.4800187
赵光站,24.2062212,110.8188696
中和站,24.9904729,121.4908396
枝江北站,22.56998945,113.0756215
钟家村站,30.5510772,114.2607469
朱家沟站,34.7062388,109.2337213
周家站,28.6309706,115.7874562
诸暨站,36.6969934,119.0932496
镇江南站,32.15448245,119.4186925
褚家湾站,24.08180265,121.6089066
湛江西站,21.21821,110.27604
朱家窑站,36.4004952,103.9592811
张兰站,25.06690845,121.5546402
镇赉站,25.04188,113.41002
枣林站,31.5605082,117.0031223
扎赉诺尔西站,49.4703736,117.6871068
樟木头站,22.9605546,114.1000746
中宁站,23.5455,110.163
中宁南站,24.6865822,120.879965
镇平站,23.8837498,120.5672118
漳平站,22.6385706,120.3025409
泽普站,38.1785092,77.3054367
枣强站,25.0242639,121.4950777
张桥站,34.7054258,109.3694751
章丘站,36.7212542,117.493769
朱日和站,48.4683348,135.0563047
中山北站,22.5642744,113.4851478
樟树东站,27.9669101,115.5931194
中山站,-69.3788889,76.3777778
柞水站,33.6404503,109.1406813
钟山站,-69.3788889,76.3777778
樟树站,28.080239,115.5719686
彰武站,34.212879,132.621637
棕溪站,47.5105828,19.0572624
钟祥站,35.1063966,102.8655914
资溪站,47.5105828,19.0572624
镇西站,32.2097916,119.4185937
正镶白旗站,42.29845795,115.0070489
紫阳站,30.3593406,104.5127304
张掖站,38.9735459,100.5180683
镇远站,27.037566,108.4062105
漳州东站,24.5814974,117.4435804
漳州站,24.5294753,117.6593536
子洲站,27.8059932,119.26577
中寨站,35.120578,102.8566273
涿州站,39.7051249,115.9831311
咋子站,21.2129146,110.3593917
株洲西站,39.8816233,127.4851341
郑州西站,32.2097916,119.4185937
阿巴嘎旗站,44.0119837,114.9686143
阿尔山北站,47.2820955,119.8028549
阿勒泰站,40.2058471,44.5681123
安仁站,30.5186473,103.602774
安顺西站,25.9342792,105.5615625
保定东站,38.8634557,115.5961505
白沟站,35.0294406,135.7998911
滨海站,22.9817715,120.1553823
滨海北站,37.9009,118.192
宝鸡南站,34.3359726,107.2281816
北井子站,39.9016416,116.4209908
宝清站,46.35168315,132.1949983
璧山站,29.3546,113.628
板塘站,20.7898745,101.0368364
本溪新城站,41.4801927,123.6720993
彬县站,34.9633164,108.0969999
宾阳站,23.219183,109.0885037
百宜站,43.85424535,125.2364824
巴中东站,31.8421831,106.8699574
滨州站,37.45307345,118.0121566
澄城站,30.2449198,120.1812284
城固北站,35.0303769,104.6854424
巢湖东站,31.62390225,117.9166978
从江站,4.9356911,-52.3348178
长临河站,31.7011952,117.4759941
常平东站,33.7334978,113.3866912
长庆桥站,41.7512613,123.4924389
潮汕站,26.07648405,119.1574775
常山站,21.8056605,109.9954409
长沙西站,23.0878161,113.2803222
长武站,43.422667,129.547132
长兴站,30.9926647,119.8991967
长阳站,48.8238095,127.8106655
潮阳站,24.17185325,120.6605494
城子坦站,39.5319312,122.4747001
德保站,23.3482523,106.62453
都昌站,48.8238095,127.8106655
东岔站,34.002848,107.8093807
东城南站,24.7182822,118.1419588
丹东西站,39.9980972,124.2574914
大丰站,39.2986771,125.4268916
东港北站,40.0101221,123.5007261
大孤山站,40.2248794,113.3242527
东莞站,23.09217835,113.85317
道蛘,22.9938177,113.6538746
洞井站,24.9465923,121.3728524
垫江站,48.8238095,127.8106655
大苴站,48.8238095,127.8106655
大荔站,34.8344696,109.922402
大朗镇站,22.9569943,113.9437653
德清站,28.087787,120.855273
大旺站,37.32203515,126.8205291
定西北站,35.60695065,104.5834762
德兴站,22.3714679,114.1177499
都匀东站,25.0330588,102.7320989
东营南站,37.3561483,118.5451007
大余站,35.10384,129.036368
定州东站,38.50777785,115.0689707
端州站,23.3991035,113.3000028
峨眉山站,29.5691353,103.4475712
凤城东站,24.3975358,107.1714252
富川站,37.5004232,126.7653781
繁昌西站,31.073359,118.1530276
丰都站,28.0336183,115.8488983
枫林站,24.5911365,118.1172061
富宁站,23.5455,110.163
法启站,25.0139592,121.4673901
芙蓉南站,31.7830621,117.2183198
复盛站,40.3263482,127.2938338
抚松站,36.6969708,119.0932639
佛山西站,23.08205625,113.028624
福山镇站,35.1289243,129.0493587
福田站,22.5411429,114.0519689
富源北站,23.1893366,113.4879955
抚远站,40.0451974,124.4353824
抚州东站,26.1052658,119.33527
抚州站,27.92224305,116.3472589
高安站,28.2774585,115.3839766
广安南站,30.4546392,106.5886334
贵安站,24.97162145,121.9281246
恭城站,30.2449198,120.1812284
藁城南站,24.7182822,118.1419588
贵定县站,26.3490191,107.1857387
广汉北站,31.0115252,104.2735051
高花站,48.8238095,127.8106655
革居站,41.6958049,44.8004212
关岭站,24.1674372,106.5950201
桂林西站,25.3575439,110.2624527
光明城站,37.47668635,126.8472437
广宁站,23.5455,110.163
广宁寺站,23.6453105,112.7990234
广南县站,23.9685092,104.6253562
桂平站,23.5455,110.163
弓棚子站,45.0632856,125.726907
光山站,24.1281235,121.64056
谷山站,40.2248794,113.3242527
古田北站,25.1229363,121.5266402
高台南站,22.9821376,120.1976506
贵阳北站,26.6227583,106.6718439
贵阳东站,26.6375316,106.3581565
高邑西站,37.6291917,114.5239067
惠安站,48.8238095,127.8106655
淮北北站,33.96861865,116.7974645
鹤壁东站,35.7059767,114.2946338
寒葱沟站,47.9689049,134.1505018
霍城站,25.0754092,121.2327955
珲春站,44.6849473,125.1239476
邯郸东站,36.61982665,114.5526375
惠东站,43.8899753,125.3662778
洪洞西站,36.2553507,111.5757497
合肥北城站,32.0654064,117.247348
合肥南站,31.80024165,117.2848237
黄冈站,30.582293,115.0007728
黄冈东站,30.582293,115.0007728
横沟桥东站,29.9362647,114.3689573
洪河站,23.601854,102.002645
怀化南站,27.51529455,109.9882344
花湖站,22.378341,113.9619695
惠环站,12.55873435,-70.02775524
后湖站,25.0504738,121.5932623
怀集站,23.89479655,112.1542231
河口北站,28.40481015,115.9977532
黄流站,47.4989929,-0.49041
门站,55.8621115,9.8471494
虎门站,22.8632517,113.668288
侯马西站,35.6016811,111.2820508
淮南东站,32.6477164,117.1450969
霍邱站,56.3590324,8.6159188
怀仁东站,39.7921156,113.1558863
黄山北站,29.81548485,118.2694154
衡水北站,37.7412188,115.6866384
和硕站,39.377354,113.27792
花山南站,39.495499,113.036703
黄土店站,40.0685421,116.3551564
海阳北站,37.0689031,120.9560298
邑站,34.08184625,108.6748252
霍州东站,36.5647874,111.8309504
惠州南站,39.495499,113.036703
建安站,24.9866602,121.4488917
泾川站,48.8238095,127.8106655
旌德站,30.29756335,118.5235678
尖峰站,24.1281235,121.64056
近海站,35.27369665,128.8671717
将乐站,48.8238095,127.8106655
贾鲁河站,48.4683348,135.0563047
即墨北站,36.8093386,120.5129823
剑门关站,32.2836427,105.4810787
江宁站,23.5455,110.163
酒泉南站,45.2921489,130.9697492
句容西站,23.2118297,113.2367252
建水站,36.0844067,103.8102972
尖山站,48.505772,32.2629074
界首市站,33.2252587,115.3190934
绩溪北站,30.074911,118.566739
介休东站,37.0527979,111.9821254
泾县站,30.66070605,118.3836236
靖西站,23.1501168,106.3874763
进贤南站,28.3425568,116.2294159
江油北站,35.0303769,104.6854424
简阳南站,30.3563828,104.5160029
靖宇站,35.10384,129.036368
金月湾站,24.1281235,121.64056
晋中站,37.6855463,112.6353025
景州站,27.8059932,119.26577
开封北站,34.7529967,114.3409783
开福寺站,28.2271045,112.9706673
开化站,28.9942441,118.3573008
昆明南站,24.8577984,102.5233199
葵潭站,44.40438855,84.84947769
开阳站,4.9356911,-52.3348178
隆安东站,23.1386124,107.7010899
来宾北站,24.096873,110.1106216
灵璧站,34.9973405,135.8069698
寮步站,22.9919997,113.846306
绿博园站,36.8024889,119.46387
隆昌北站,22.9338074,121.2746616
乐昌东站,25.1156302,113.3903332
临城站,26.6375316,106.3581565
罗城站,24.8447438,109.1215251
老城镇站,34.2272876,113.8240442
龙洞堡站,39.6998286,118.1645945
乐都南站,39.495499,113.036703
乐东站,43.8899753,125.3662778
离堆公园站,30.9962114,103.6215395
陆丰站,24.5612929,103.0915733
龙丰站,25.7217851,100.1915547
禄丰南站,39.4823309,127.2930251
临汾西站,36.0995981,111.4582866
麓谷站,48.8238095,127.8106655
漯河西站,33.5733074,113.9585113
柳江站,47.4989929,-0.49041
利津南站,39.495499,113.036703
陇南站,33.37718255,104.9565005
礼泉站,34.4319652,108.4143536
灵石东站,36.8795967,111.9096981
乐山站,48.505772,32.2629074
龙市站,39.377354,113.27792
溧水站,31.6812072,119.0905678
莱西北站,36.8093386,120.5129823
溧阳站,31.3877094,119.4975771
临邑站,43.865053,125.2599704
阆中站,46.4835515,30.7411266
马鞍山东站,31.6945227,118.5359687
毛陈站,21.0036378,110.1305171
明港东站,32.4890054,114.0588428
民和南站,28.3634332,116.2591586
闵集站,49.4493924,1.0482017
马兰站,22.77215625,121.1543559
民乐站,49.4493924,1.0482017
弥勒站,23.799167,121.5225
牟平站,37.1994594,121.209868
眉山东站,30.3511691,103.8541335
庙山站,34.002848,107.8093807
岷县站,34.4728978,104.0833581
门源站,37.42651165,101.5258789
暮云站,4.9356911,-52.3348178
蒙自北站,23.3745968,103.4002009
孟庄站,25.061706,121.4589414
蒙自站,23.3745968,103.4002009
南部站,23.9794446,120.7215068
南曹站,42.2950873,125.2297208
南城站,27.5669595,116.6114576
南昌西站,28.6272244,115.7885498
宁东南站,39.495499,113.036703
宁东站,43.8899753,125.3662778
南芬北站,41.1346255,123.7389573
南丰站,27.28944065,116.5969664
内江北站,29.6113006,105.0819565
南江站,48.8238095,127.8106655
南江口站,28.6769581,121.326858
南陵站,30.8381167,118.2927481
尼木站,29.3304648,90.2844923
南宁东站,22.8473,109.171
南雄站,25.26345,114.42892
纳雍站,40.2058471,44.5681123
南阳寨站,35.120578,102.8566273
普安站,35.635236,139.8851015
屏边站,35.0165044,135.7824091
平坝南站,25.4736314,100.5577005
平昌站,31.5548595,107.0711875
普定站,35.7118142,139.7982436
平度站,36.78790075,120.0157281
皮口站,39.4396387,122.3118149
蓬莱市站,37.8289135,120.7402766
普宁站,22.96224,116.36788
平南南站,23.4201876,110.4284859
盘山站,49.445727,1.0933787
坪上站,29.0260249,116.0622428
萍乡北站,27.6878926,113.8422058
濮阳站,35.9639474,115.8574722
鄱阳站,48.8238095,127.8106655
平遥古城站,37.1548093,112.1432906
平原东站,43.8899753,125.3662778
普者黑站,24.1470757,104.1178034
盘州站,25.0325836,121.4351277
彭州站,30.98117365,103.9230197
青白江东站,30.8969999,104.2228092
青川站,36.90989085,126.9584214
青岛北站,36.1695791,120.3729021
祁东站,43.8899753,125.3662778
青堆站,29.6443239,90.9655754
前锋站,30.4969997,106.8924628
曲靖北站,25.5906053,103.7784895
綦江东站,39.1315292,126.129337
曲江站,34.2244297,108.9594377
青莲站,31.1367607,117.4379223
齐齐哈尔南站,47.2824245,123.9657505
清水北站,24.1281235,121.64056
青神站,36.90989085,126.9584214
岐山站,34.2753305,107.6082443
庆盛站,22.8688565,113.4861105
清水县站,34.75651495,106.1290911
曲水县站,29.3530438,90.6953418
祁县东站,43.8899753,125.3662778
乾县站,34.5060083,108.2734304
旗下营南站,40.9635299,112.2047554
祁阳站,31.66689535,117.7539321
全州南站,35.8171322,127.1437915
仁布站,29.3129063,89.8098006
荣成站,30.2449198,120.1812284
瑞昌西站,25.0561696,102.6849587
如东站,55.600857,38.1221904
榕江站,48.8238095,127.8106655
日喀则站,29.2238615,88.9121352
饶平站,23.7144941,116.928126
胜芳站,35.2361327,113.2119485
商河站,48.4683348,135.0563047
泗洪站,36.90989085,126.9584214
四会站,23.27323325,112.749274
石家庄东站,38.0493404,114.6233691
三江南站,25.72869005,109.5715881
嵩明站,24.13715865,120.6869046
山坡东站,30.0885888,114.3542975
石桥站,23.3209,109.485
沈丘站,24.9376311,121.3676522
鄯善北站,42.9844823,90.3603752
狮山站,48.505772,32.2629074
三水南站,23.1168146,112.8671161
韶山南站,34.319003,139.2164621
三穗站,36.2818824,127.2396693
汕尾站,24.2671656,120.6286791
歙县北站,29.9252613,118.4057433
绍兴北站,30.10227145,120.5340301
绍兴东站,30.05753415,120.8488502
泗县站,34.2795641,108.9576984
始兴站,22.3714679,114.1177499
泗阳站,48.8238095,127.8106655
邵阳北站,26.32963135,110.3323713
松原北站,44.8712457,125.0068645
山阴站,23.5599563,113.1225802
深圳北站,22.6134727,114.0256881
神州站,18.7265247,110.3034002
深圳坪山站,22.71042355,114.3223299
石嘴山站,39.0640277,106.111813
桃村北站,37.2110276,121.1431051
田东北站,23.6890581,107.1337907
太谷西站,37.448128,112.5028007
吐哈站,43.0593965,90.5300194
通海站,48.8238095,127.8106655
天河街站,30.77323115,114.2061013
通化县站,34.4964701,109.7574269
同江站,47.5566594,133.5049223
铜陵北站,31.014371,118.0166354
吐鲁番北站,43.0213639,89.1079716
泰宁站,23.5455,110.163
天水南站,41.7786624,129.7783275
通渭站,35.1961086,105.2594696
田心东站,24.1357623,120.6863692
藤县站,23.3371994,110.9886522
太原南站,37.7912069,112.6047228
桐梓东站,43.8899753,125.3662778
通州站,39.8962107,116.6570978
五府山站,35.1157821,129.0426542
威海北站,37.4953147,122.0430534
乌兰察布站,41.5726532,113.5455113
乌鲁木齐站,43.8373719,87.5244955
武胜站,39.1094038,125.3269552
无为站,31.30660965,117.9639381
瓦屋山站,31.56078245,119.2689861
闻喜西站,35.336656,111.1727539
武义北站,30.7891703,114.3075769
婺源站,40.0451974,124.4353824
渭源站,35.3387452,139.4863127
武陟站,48.7712147,7.3619804
梧州南站,39.495499,113.036703
兴安北站,35.0303769,104.6854424
许昌东站,34.0536135,113.882505
项城站,30.2449198,120.1812284
新都东站,43.8899753,125.3662778
西丰站,37.7903324,112.5984804
先锋站,29.5984427,109.0551424
襄汾西站,35.838567,111.330422
孝感北站,35.0303769,104.6854424
孝感东站,30.9357745,113.9424846
西湖东站,25.06690845,121.5546402
新化南站,38.1398065,114.474117
新晃西站,27.3832952,109.1215324
新津站,30.46800595,103.8686806
小金口站,23.1534921,114.4131575
辛集南站,39.7143592,126.2963926
新津南站,30.3511691,103.8541335
咸宁东站,29.8688469,114.3394982
咸宁南站,29.8394594,114.3002637
湘潭北站,39.1659883,117.2021716
修武西站,23.1164771,113.2776494
新乡东站,35.3147084,113.9729327
新余北站,27.7703487,114.711771
西阳村站,20.2784,110.30712
信阳东站,32.1459442,114.1543407
咸阳秦都站,34.3328113,108.662215
仙游站,48.8238095,127.8106655
新郑机场站,22.1594164,113.574603
迎宾路站,30.9835351,103.6399233
运城北站,35.0991649,110.9769975
永川东站,43.8899753,125.3662778
禹城东站,36.9223747,116.6257678
宜春站,27.79091605,114.4315979
岳池站,30.5393656,106.4670896
云浮东站,25.0330588,102.7320989
永福南站,23.3703522,120.6097174
雨格站,34.1919636,114.1275347
洋河站,48.4683348,135.0563047
永济北站,35.0286066,110.4196017
弋江站,31.2537109,118.3734193
永康南站,28.91236625,120.0164582
炎陵站,24.1674372,106.5950201
杨陵南站,34.2561177,108.0476675
伊敏站,49.4493924,1.0482017
郁南站,39.495499,113.036703
永寿站,34.7089213,108.1458044
云山站,29.2534986,115.6139372
永泰站,25.8510369,118.9286076
鹰潭北站,28.30881095,117.0339074
烟台南站,22.9821376,120.1976506
伊通站,48.8238095,127.8106655
烟台西站,47.5105828,19.0572624
尤溪站,47.5105828,19.0572624
云霄站,4.9356911,-52.3348178
宜兴站,22.3714679,114.1177499
玉溪站,23.1164771,113.2776494
阳信站,31.8929718,117.5870681
应县站,39.495499,113.036703
洋县西站,23.0436592,113.3705398
余姚北站,30.1008725,121.1636925
榆中站,35.85145645,104.168716
昭化站,28.9340323,115.9243585
织金北站,39.506836,113.029033
张家川站,20.9943817,110.02225
芷江站,48.8238095,127.8106655
织金站,24.5149161,110.8090805
仲恺站,4.9356911,-52.3348178
曾口站,22.3345899,114.1738049
左岭站,28.8719085,104.5814906
驻马店西站,33.0025808,113.9724923
漳浦站,22.6398458,120.3021415
肇庆东站,23.2173611,112.6566958
庄桥站,31.5799007,120.3742063
昭山站,35.6677794,138.740397
漳县站,34.840533,104.9061867
资阳北站,30.3593406,104.5127304
遵义站,28.3869248,106.8597778
资中北站,23.51874645,120.8079174
涿州东站,39.4586404,116.0473897
枣庄东站,34.5626986,117.7129678
郑州东站,34.7595427,113.7674081
株洲南站,39.495499,113.036703
武昌站,30.530877,114.3125172
瓦房店站,39.4890399,121.5492671
威海站,37.42426695,122.142925140776
